timestamp,robot_id,sigma_x,sigma_y,sigma_theta
1763488912.507413,1,0.234711,0.212767,0.174747
1763488912.507413,2,0.207448,0.204407,0.129706
1763488912.507413,3,0.180677,0.157602,0.109760
1763488912.507413,4,0.207003,0.330168,0.161063
1763488912.507413,5,0.212984,0.203139,0.172531
1763488915.507401,1,0.222882,0.229777,0.180898
1763488915.507401,2,0.246774,0.253647,0.145353
1763488915.507401,3,0.243182,0.235484,0.150215
1763488915.507401,4,0.240635,0.397251,0.192017
1763488915.507401,5,0.277919,0.253039,0.222520
1763488918.507116,1,0.509442,0.517090,0.376441
1763488918.507116,2,0.257526,0.281890,0.199882
1763488918.507116,3,0.272644,0.282134,0.186757
1763488918.507116,4,0.274016,0.250066,0.200536
1763488918.507116,5,0.550452,0.538259,0.409281
1763488921.506499,1,0.504675,0.339227,0.260292
1763488921.506499,2,0.231837,0.229086,0.191184
1763488921.506499,3,0.275962,0.359907,0.216156
1763488921.506499,4,0.285309,0.201667,0.170382
1763488921.506499,5,0.718694,0.709206,0.524148
1763488924.506902,1,0.306893,0.179995,0.156946
1763488924.506902,2,0.217650,0.213297,0.180917
1763488924.506902,3,0.366532,0.257861,0.268668
1763488924.506902,4,0.415392,0.245794,0.220580
1763488924.506902,5,0.305597,0.279327,0.626594
1763488927.508325,1,0.396161,0.273416,0.214890
1763488927.508325,2,0.290612,0.319247,0.238683
1763488927.508325,3,0.404711,0.399612,0.212710
1763488927.508325,4,0.418990,0.233106,0.209648
1763488927.508325,5,0.474111,0.454675,0.726622
1763488930.507033,1,0.546308,0.290710,0.251498
1763488930.507033,2,0.328505,0.434930,0.321023
1763488930.507033,3,0.421367,0.416259,0.244471
1763488930.507033,4,0.456025,0.332818,0.313449
1763488930.507033,5,0.411048,0.384942,0.815084
1763488933.507801,1,0.637170,0.377066,0.322794
1763488933.507801,2,0.296479,0.263487,0.197643
1763488933.507801,3,0.401569,0.275511,0.250173
1763488933.507801,4,0.419947,0.330147,0.458756
1763488933.507801,5,0.553373,0.290862,0.222514
1763488936.506925,1,0.461563,0.261353,0.230912
1763488936.506925,2,0.364527,0.283353,0.209992
1763488936.506925,3,0.311825,0.273734,0.165034
1763488936.506925,4,0.318298,0.253882,0.591053
1763488936.506925,5,0.465124,0.152747,0.137724
1763488939.508180,1,0.459575,0.266381,0.226058
1763488939.508180,2,0.472343,0.424289,0.292822
1763488939.508180,3,0.292439,0.263763,0.193254
1763488939.508180,4,0.528017,0.500810,0.697512
1763488939.508180,5,0.431238,0.261617,0.199189
1763488942.509651,1,0.411264,0.283300,0.242116
1763488942.509651,2,0.416755,0.316885,0.214692
1763488942.509651,3,0.245738,0.205782,0.160439
1763488942.509651,4,0.732338,0.717523,0.786144
1763488942.509651,5,0.386092,0.304827,0.202875
1763488945.506119,1,0.425485,0.287906,0.222220
1763488945.506119,2,0.399788,0.338644,0.239887
1763488945.506119,3,0.278502,0.219778,0.202773
1763488945.506119,4,0.875629,0.864051,0.856167
1763488945.506119,5,0.293369,0.204410,0.147204
1763488948.506408,1,0.609780,0.352055,0.263819
1763488948.506408,2,0.559484,0.363443,0.289166
1763488948.506408,3,0.349081,0.305964,0.292513
1763488948.506408,4,1.010386,1.000568,0.926295
1763488948.506408,5,0.377286,0.259958,0.182498
1763488951.508308,1,0.537591,0.339832,0.270580
1763488951.508308,2,0.765446,0.644702,0.474465
1763488951.508308,3,0.596671,0.566042,0.458322
1763488951.508308,4,1.067699,0.338502,0.337930
1763488951.508308,5,0.407289,0.258447,0.196084
1763488954.506497,1,0.489136,0.287137,0.220685
1763488954.506497,2,0.924793,0.832081,0.602592
1763488954.506497,3,0.296280,0.276370,0.224636
1763488954.506497,4,1.127745,0.361250,0.380469
1763488954.506497,5,0.286439,0.218954,0.161721
1763488957.506070,1,0.446558,0.300153,0.227508
1763488957.506070,2,0.764869,0.458682,0.706209
1763488957.506070,3,0.367299,0.249048,0.194209
1763488957.506070,4,1.160409,0.373784,0.439522
1763488957.506070,5,0.359608,0.274171,0.165155
1763488960.506240,1,0.305447,0.252263,0.218674
1763488960.506240,2,0.805469,0.546402,0.796831
1763488960.506240,3,0.365108,0.298934,0.204716
1763488960.506240,4,1.177973,0.399732,0.512448
1763488960.506240,5,0.393005,0.288576,0.187557
1763488963.506956,1,0.325495,0.277904,0.227462
1763488963.506956,2,0.960009,0.751598,0.876322
1763488963.506956,3,0.277649,0.246098,0.187835
1763488963.506956,4,0.558355,0.258815,0.300226
1763488963.506956,5,0.354971,0.253958,0.188796
1763488966.507748,1,0.291978,0.246630,0.224325
1763488966.507748,2,1.097070,0.915151,0.950757
1763488966.507748,3,0.298103,0.323892,0.203805
1763488966.507748,4,0.234960,0.179195,0.184658
1763488966.507748,5,0.293627,0.272931,0.164695
1763488969.507726,1,0.411239,0.383872,0.339283
1763488969.507726,2,1.223142,1.053549,1.019529
1763488969.507726,3,0.381996,0.517769,0.303484
1763488969.507726,4,0.339694,0.324760,0.304788
1763488969.507726,5,0.427880,0.465945,0.248182
1763488972.513451,1,0.362437,0.340939,0.495735
1763488972.513451,2,1.337672,1.171122,1.080944
1763488972.513451,3,0.343922,0.412277,0.274103
1763488972.513451,4,0.378818,0.363226,0.441121
1763488972.513451,5,0.447296,0.421656,0.232488
1763488975.507296,1,0.399208,0.427370,0.606100
1763488975.507296,2,1.455754,1.288693,1.144308
1763488975.507296,3,0.336759,0.356640,0.330002
1763488975.507296,4,0.371501,0.459432,0.551024
1763488975.507296,5,0.327933,0.219142,0.247884
1763488978.510690,1,0.654771,0.652772,0.712595
1763488978.510690,2,1.565081,1.392930,1.201016
1763488978.510690,3,0.375032,0.272311,0.213637
1763488978.510690,4,0.524684,0.529558,0.664080
1763488978.510690,5,0.343570,0.264888,0.190010
1763488981.508047,1,0.593187,0.644203,0.496617
1763488981.508047,2,1.669284,1.493412,1.256161
1763488981.508047,3,0.372549,0.280278,0.235917
1763488981.508047,4,0.452563,0.633655,0.412706
1763488981.508047,5,0.429626,0.287484,0.244240
1763488984.507531,1,0.779193,0.825152,0.619921
1763488984.507531,2,0.478912,0.258599,0.244433
1763488984.507531,3,0.268814,0.217417,0.149646
1763488984.507531,4,0.369707,0.783117,0.311935
1763488984.507531,5,0.393795,0.469475,0.229703
1763488987.507911,1,0.290543,0.259577,0.159345
1763488987.507911,2,0.366736,0.227075,0.180244
1763488987.507911,3,0.277102,0.253261,0.167161
1763488987.507911,4,0.413589,0.873317,0.329269
1763488987.507911,5,0.589600,0.665984,0.376817
1763488990.507248,1,0.243617,0.352674,0.176613
1763488990.507248,2,0.360816,0.263058,0.193113
1763488990.507248,3,0.268658,0.253676,0.198810
1763488990.507248,4,0.523900,0.983565,0.403924
1763488990.507248,5,0.296095,0.265206,0.224254
1763488993.507085,1,0.240103,0.386183,0.174988
1763488993.507085,2,0.305338,0.270115,0.178852
1763488993.507085,3,0.293723,0.199300,0.165172
1763488993.507085,4,0.318024,0.358404,0.170137
1763488993.507085,5,0.255653,0.218559,0.182562
1763488996.508502,1,0.261846,0.404101,0.198909
1763488996.508502,2,0.346658,0.381537,0.190335
1763488996.508502,3,0.288262,0.186054,0.172034
1763488996.508502,4,0.292399,0.397989,0.225309
1763488996.508502,5,0.214049,0.165804,0.120945
1763488999.507755,1,0.286216,0.407366,0.226826
1763488999.507755,2,0.292918,0.356337,0.182197
1763488999.507755,3,0.241989,0.192178,0.143929
1763488999.507755,4,0.233114,0.310451,0.201966
1763488999.507755,5,0.246945,0.299783,0.174073
1763489002.511653,1,0.240113,0.366304,0.230991
1763489002.511653,2,0.267034,0.401232,0.192786
1763489002.511653,3,0.236234,0.182184,0.142371
1763489002.511653,4,0.242505,0.339150,0.182795
1763489002.511653,5,0.238293,0.323983,0.200518
1763489005.509890,1,0.262504,0.265159,0.159948
1763489005.509890,2,0.435405,0.305736,0.189947
1763489005.509890,3,0.278364,0.231861,0.168080
1763489005.509890,4,0.324901,0.440162,0.224030
1763489005.509890,5,0.264130,0.330336,0.226264
1763489008.507980,1,0.370566,0.409523,0.223185
1763489008.507980,2,0.497166,0.376668,0.240995
1763489008.507980,3,0.411667,0.234680,0.190684
1763489008.507980,4,0.484537,0.586298,0.341945
1763489008.507980,5,0.245284,0.337587,0.226412
1763489011.507465,1,0.257753,0.216255,0.151650
1763489011.507465,2,0.272390,0.240397,0.222043
1763489011.507465,3,0.629447,0.282798,0.246662
1763489011.507465,4,0.704131,0.777527,0.497862
1763489011.507465,5,0.330162,0.454712,0.346837
1763489014.506810,1,0.257721,0.232135,0.166957
1763489014.506810,2,0.273163,0.201195,0.151402
1763489014.506810,3,0.359823,0.226454,0.292724
1763489014.506810,4,0.335741,0.240057,0.610243
1763489014.506810,5,0.376990,0.141823,0.128517
1763489017.506905,1,0.292675,0.175026,0.151728
1763489017.506905,2,0.428000,0.299407,0.209203
1763489017.506905,3,0.372152,0.253376,0.312819
1763489017.506905,4,0.341491,0.243026,0.710239
1763489017.506905,5,0.312196,0.204562,0.157342
1763489020.506676,1,0.314058,0.232527,0.201681
1763489020.506676,2,0.481781,0.365776,0.209483
1763489020.506676,3,0.388451,0.264798,0.471539
1763489020.506676,4,0.428875,0.268772,0.239499
1763489020.506676,5,0.350586,0.192309,0.154457
1763489023.508412,1,0.456180,0.276375,0.210185
1763489023.508412,2,0.364930,0.232760,0.164044
1763489023.508412,3,0.348316,0.257863,0.585390
1763489023.508412,4,0.394135,0.337348,0.279511
1763489023.508412,5,0.267314,0.163852,0.129061
1763489026.506090,1,0.516007,0.252315,0.197771
1763489026.506090,2,0.439366,0.364647,0.220748
1763489026.506090,3,0.265315,0.204384,0.180775
1763489026.506090,4,0.272140,0.219213,0.188244
1763489026.506090,5,0.232604,0.161336,0.121405
1763489029.506963,1,0.658604,0.414063,0.339709
1763489029.506963,2,0.266803,0.417375,0.245867
1763489029.506963,3,0.272178,0.288025,0.222699
1763489029.506963,4,0.301128,0.359683,0.218973
1763489029.506963,5,0.340951,0.306422,0.198634
1763489032.506482,1,0.387261,0.270191,0.221127
1763489032.506482,2,0.254577,0.544250,0.324013
1763489032.506482,3,0.331972,0.280323,0.291215
1763489032.506482,4,0.344895,0.429531,0.284500
1763489032.506482,5,0.318439,0.303354,0.208676
1763489035.510639,1,0.411371,0.233007,0.194254
1763489035.510639,2,0.441543,0.315527,0.195670
1763489035.510639,3,0.259251,0.213869,0.169200
1763489035.510639,4,0.421044,0.523804,0.389971
1763489035.510639,5,0.273080,0.240598,0.195738
1763489038.507568,1,0.361071,0.190515,0.183044
1763489038.507568,2,0.432764,0.326705,0.213687
1763489038.507568,3,0.435040,0.239086,0.172042
1763489038.507568,4,0.498050,0.686628,0.415479
1763489038.507568,5,0.243030,0.213389,0.166250
1763489041.507812,1,0.287340,0.202921,0.157390
1763489041.507812,2,0.320261,0.209556,0.164616
1763489041.507812,3,0.455095,0.246823,0.187445
1763489041.507812,4,0.346427,0.747655,0.392907
1763489041.507812,5,0.307739,0.263846,0.219511
1763489044.507500,1,0.331105,0.251208,0.167545
1763489044.507500,2,0.337486,0.237513,0.188465
1763489044.507500,3,0.356529,0.187899,0.148457
1763489044.507500,4,0.225451,0.525148,0.324006
1763489044.507500,5,0.351627,0.189985,0.171957
1763489047.507168,1,0.240829,0.270165,0.190995
1763489047.507168,2,0.240978,0.204379,0.162898
1763489047.507168,3,0.426640,0.235547,0.186814
1763489047.507168,4,0.220488,0.256238,0.180234
1763489047.507168,5,0.322259,0.204923,0.169359
1763489050.506091,1,0.283074,0.442914,0.292872
1763489050.506091,2,0.307301,0.341503,0.232412
1763489050.506091,3,0.551036,0.278017,0.233498
1763489050.506091,4,0.268904,0.228012,0.174543
1763489050.506091,5,0.303714,0.227308,0.187897
1763489053.508038,1,0.336009,0.221073,0.172337
1763489053.508038,2,0.378043,0.506650,0.346111
1763489053.508038,3,0.322342,0.199828,0.168042
1763489053.508038,4,0.388757,0.256401,0.279068
1763489053.508038,5,0.375695,0.220737,0.192805
1763489056.507010,1,0.383060,0.204550,0.166332
1763489056.507010,2,0.462568,0.192234,0.190588
1763489056.507010,3,0.310880,0.206678,0.194831
1763489056.507010,4,0.424049,0.283255,0.372275
1763489056.507010,5,0.310094,0.143108,0.147412
1763489059.508298,1,0.538176,0.290595,0.236828
1763489059.508298,2,0.372316,0.189410,0.181982
1763489059.508298,3,0.283212,0.203096,0.193846
1763489059.508298,4,0.275456,0.181995,0.213287
1763489059.508298,5,0.290004,0.203218,0.191603
1763489062.509349,1,0.554010,0.326757,0.252205
1763489062.509349,2,0.435459,0.240497,0.221591
1763489062.509349,3,0.269170,0.183930,0.179704
1763489062.509349,4,0.257744,0.200066,0.194796
1763489062.509349,5,0.333522,0.248222,0.197883
1763489065.507902,1,0.445322,0.247080,0.200236
1763489065.507902,2,0.374703,0.290292,0.232725
1763489065.507902,3,0.484004,0.437401,0.345424
1763489065.507902,4,0.399953,0.357797,0.274099
1763489065.507902,5,0.347699,0.237586,0.185426
1763489068.508692,1,0.381220,0.230408,0.195728
1763489068.508692,2,0.437963,0.373109,0.269923
1763489068.508692,3,0.609421,0.491935,0.355151
1763489068.508692,4,0.586525,0.559459,0.409310
1763489068.508692,5,0.491254,0.353435,0.265832
1763489071.507581,1,0.304321,0.197736,0.172863
1763489071.507581,2,0.250045,0.240476,0.206016
1763489071.507581,3,0.655770,0.401256,0.372568
1763489071.507581,4,0.593879,0.556057,0.553599
1763489071.507581,5,0.442857,0.280827,0.439143
1763489074.506710,1,0.409429,0.285342,0.200067
1763489074.506710,2,0.371073,0.226776,0.185694
1763489074.506710,3,0.807008,0.624134,0.507692
1763489074.506710,4,0.378614,0.353843,0.328020
1763489074.506710,5,0.336108,0.269944,0.568504
1763489077.508652,1,0.295737,0.199260,0.180392
1763489077.508652,2,0.536859,0.224197,0.215689
1763489077.508652,3,0.832769,0.651187,0.566940
1763489077.508652,4,0.568916,0.527870,0.401662
1763489077.508652,5,0.608502,0.577726,0.675049
1763489080.506769,1,0.344497,0.270438,0.224919
1763489080.506769,2,0.346464,0.228526,0.190831
1763489080.506769,3,0.980246,0.839136,0.679280
1763489080.506769,4,0.571117,0.409328,0.391778
1763489080.506769,5,0.804887,0.782238,0.771162
1763489083.506606,1,0.613038,0.573902,0.426001
1763489083.506606,2,0.538362,0.365603,0.319531
1763489083.506606,3,1.085359,0.964522,0.757906
1763489083.506606,4,0.570260,0.307556,0.241223
1763489083.506606,5,0.919039,0.462022,0.368882
1763489086.507433,1,0.701917,0.507184,0.392167
1763489086.507433,2,0.350479,0.297879,0.212877
1763489086.507433,3,1.171580,1.065128,0.822448
1763489086.507433,4,0.425652,0.196590,0.181041
1763489086.507433,5,0.583244,0.205824,0.180560
1763489089.507534,1,0.342909,0.281262,0.242914
1763489089.507534,2,0.402395,0.221021,0.174919
1763489089.507534,3,0.707105,0.348004,0.355022
1763489089.507534,4,0.394787,0.257646,0.215871
1763489089.507534,5,0.321099,0.201911,0.155643
1763489092.507100,1,0.632806,0.602613,0.448323
1763489092.507100,2,0.295325,0.240871,0.181511
1763489092.507100,3,0.267589,0.387821,0.222395
1763489092.507100,4,0.359592,0.247166,0.210527
1763489092.507100,5,0.524548,0.220060,0.177920
1763489095.506853,1,0.808133,0.785203,0.572660
1763489095.506853,2,0.304717,0.292529,0.231752
1763489095.506853,3,0.320161,0.228471,0.160648
1763489095.506853,4,0.256404,0.186333,0.161912
1763489095.506853,5,0.430550,0.201025,0.180313
1763489098.508272,1,0.941964,0.922656,0.667411
1763489098.508272,2,0.344694,0.351035,0.262984
1763489098.508272,3,0.330140,0.194846,0.159134
1763489098.508272,4,0.380612,0.272540,0.193699
1763489098.508272,5,0.578859,0.408542,0.320113
1763489101.509377,1,1.038331,1.020982,0.735484
1763489101.509377,2,0.468859,0.290476,0.197450
1763489101.509377,3,0.337127,0.231562,0.156419
1763489101.509377,4,0.423006,0.333582,0.214657
1763489101.509377,5,0.728056,0.601587,0.447182
1763489104.508070,1,1.147811,1.132182,0.812673
1763489104.508070,2,0.668457,0.327795,0.211426
1763489104.508070,3,0.393733,0.332740,0.206400
1763489104.508070,4,0.377801,0.420974,0.274861
1763489104.508070,5,0.859688,0.755583,0.551790
1763489107.508546,1,0.675512,0.224737,0.281679
1763489107.508546,2,0.550138,0.319777,0.224717
1763489107.508546,3,0.239789,0.353103,0.262529
1763489107.508546,4,0.255924,0.508933,0.359077
1763489107.508546,5,0.537444,0.549175,0.337884
1763489110.507724,1,0.613388,0.278466,0.315025
1763489110.507724,2,0.350914,0.224130,0.176454
1763489110.507724,3,0.401225,0.230731,0.179655
1763489110.507724,4,0.397911,0.604989,0.482536
1763489110.507724,5,0.336092,0.224758,0.179266
1763489113.507198,1,0.344334,0.252546,0.208271
1763489113.507198,2,0.308504,0.224925,0.192998
1763489113.507198,3,0.447955,0.252992,0.209223
1763489113.507198,4,0.393530,0.376862,0.551552
1763489113.507198,5,0.259434,0.171157,0.138519
1763489116.506911,1,0.332183,0.247208,0.216753
1763489116.506911,2,0.285473,0.211545,0.190060
1763489116.506911,3,0.296714,0.403234,0.294018
1763489116.506911,4,0.529989,0.283068,0.270287
1763489116.506911,5,0.235107,0.165838,0.123303
1763489119.516566,1,0.219881,0.420467,0.227431
1763489119.516566,2,0.245810,0.186174,0.176765
1763489119.516566,3,0.273864,0.254967,0.234122
1763489119.516566,4,0.358388,0.190047,0.170826
1763489119.516566,5,0.193383,0.140898,0.105728
1763489122.506276,1,0.250081,0.454345,0.256138
1763489122.506276,2,0.238055,0.187379,0.141673
1763489122.506276,3,0.377552,0.223236,0.183995
1763489122.506276,4,0.512855,0.240389,0.178562
1763489122.506276,5,0.395015,0.219732,0.192506
1763489125.507225,1,0.251573,0.270370,0.219852
1763489125.507225,2,0.248692,0.202537,0.190562
1763489125.507225,3,0.278824,0.227621,0.184631
1763489125.507225,4,0.270081,0.233037,0.175450
1763489125.507225,5,0.288891,0.163974,0.132427
1763489128.507141,1,0.272627,0.350042,0.295920
1763489128.507141,2,0.309181,0.251487,0.234317
1763489128.507141,3,0.362854,0.200114,0.170664
1763489128.507141,4,0.342056,0.313344,0.205869
1763489128.507141,5,0.301867,0.209426,0.172328
1763489131.508030,1,0.584064,0.619814,0.470133
1763489131.508030,2,0.462740,0.389824,0.285092
1763489131.508030,3,0.297498,0.272913,0.216196
1763489131.508030,4,0.401318,0.265827,0.192053
1763489131.508030,5,0.303512,0.234251,0.156639
1763489134.507308,1,0.640639,0.591411,0.590736
1763489134.507308,2,0.524740,0.437405,0.360418
1763489134.507308,3,0.564914,0.527881,0.402625
1763489134.507308,4,0.410322,0.354528,0.268771
1763489134.507308,5,0.357481,0.296134,0.160206
1763489137.506815,1,0.818710,0.780914,0.692075
1763489137.506815,2,0.324334,0.279851,0.297688
1763489137.506815,3,0.464095,0.263807,0.203655
1763489137.506815,4,0.565285,0.486151,0.381633
1763489137.506815,5,0.363006,0.257192,0.208777
1763489140.506403,1,0.962364,0.931238,0.779080
1763489140.506403,2,0.382219,0.288931,0.379005
1763489140.506403,3,0.304679,0.190654,0.155501
1763489140.506403,4,0.659636,0.561753,0.486784
1763489140.506403,5,0.245781,0.215556,0.180971
1763489143.506923,1,1.093180,1.067329,0.861084
1763489143.506923,2,0.330973,0.264189,0.525926
1763489143.506923,3,0.384427,0.228107,0.182261
1763489143.506923,4,0.830178,0.753076,0.605359
1763489143.506923,5,0.346778,0.306673,0.222193
1763489146.506345,1,0.898631,0.433421,0.286980
1763489146.506345,2,0.206001,0.240166,0.169572
1763489146.506345,3,0.414458,0.233193,0.192688
1763489146.506345,4,0.969387,0.903324,0.702712
1763489146.506345,5,0.288089,0.242968,0.188333
1763489149.506860,1,0.776849,0.392201,0.295093
1763489149.506860,2,0.198864,0.310791,0.153790
1763489149.506860,3,0.286113,0.196762,0.171336
1763489149.506860,4,0.348659,0.238003,0.191150
1763489149.506860,5,0.248476,0.238937,0.191441
1763489152.507725,1,0.575740,0.310165,0.224146
1763489152.507725,2,0.232512,0.381287,0.195509
1763489152.507725,3,0.310849,0.226726,0.245423
1763489152.507725,4,0.326505,0.197376,0.180815
1763489152.507725,5,0.277740,0.267443,0.204806
1763489155.511343,1,0.424631,0.464499,0.221148
1763489155.511343,2,0.420283,0.496351,0.381162
1763489155.511343,3,0.514952,0.446284,0.450965
1763489155.511343,4,0.318187,0.265736,0.180844
1763489155.511343,5,0.553124,0.538559,0.401484
1763489158.514751,1,0.415882,0.416691,0.298025
1763489158.514751,2,0.441464,0.269501,0.208269
1763489158.514751,3,0.487262,0.354031,0.572554
1763489158.514751,4,0.393797,0.290631,0.210992
1763489158.514751,5,0.749701,0.739234,0.538205
1763489161.506885,1,0.321636,0.400916,0.254853
1763489161.506885,2,0.308088,0.193290,0.164307
1763489161.506885,3,0.443776,0.355250,0.336763
1763489161.506885,4,0.439238,0.265103,0.177711
1763489161.506885,5,0.527235,0.657169,0.277289
1763489164.508485,1,0.610866,0.652971,0.447089
1763489164.508485,2,0.301382,0.204932,0.142652
1763489164.508485,3,0.385167,0.362402,0.463313
1763489164.508485,4,0.414999,0.255481,0.221698
1763489164.508485,5,0.374699,0.495099,0.245093
1763489167.507230,1,0.796269,0.827705,0.574790
1763489167.507230,2,0.413137,0.392392,0.224173
1763489167.507230,3,0.366763,0.443424,0.589309
1763489167.507230,4,0.453930,0.271263,0.232972
1763489167.507230,5,0.231436,0.320100,0.230003
1763489170.507388,1,0.497884,0.354240,0.232817
1763489170.507388,2,0.321691,0.232870,0.181188
1763489170.507388,3,0.328240,0.432513,0.363397
1763489170.507388,4,0.395816,0.214426,0.202093
1763489170.507388,5,0.458085,0.327925,0.233199
1763489173.506796,1,0.476467,0.394400,0.288742
1763489173.506796,2,0.369098,0.215375,0.215260
1763489173.506796,3,0.288971,0.489266,0.216160
1763489173.506796,4,0.301200,0.237910,0.190334
1763489173.506796,5,0.527032,0.341888,0.228455
1763489176.506401,1,0.312409,0.226654,0.213356
1763489176.506401,2,0.315858,0.283207,0.219778
1763489176.506401,3,0.297286,0.638423,0.243306
1763489176.506401,4,0.341771,0.272933,0.293620
1763489176.506401,5,0.321250,0.168000,0.139853
1763489179.509157,1,0.290875,0.222206,0.233544
1763489179.509157,2,0.227180,0.197509,0.161928
1763489179.509157,3,0.285647,0.369308,0.384027
1763489179.509157,4,0.240192,0.328330,0.248598
1763489179.509157,5,0.293797,0.220611,0.144881
1763489182.508928,1,0.312841,0.233340,0.191581
1763489182.508928,2,0.228331,0.188028,0.168773
1763489182.508928,3,0.207868,0.209391,0.134947
1763489182.508928,4,0.468963,0.539216,0.410362
1763489182.508928,5,0.333021,0.262292,0.190716
1763489185.511093,1,0.289530,0.221266,0.199528
1763489185.511093,2,0.219284,0.194193,0.179005
1763489185.511093,3,0.238129,0.282235,0.177658
1763489185.511093,4,0.448908,0.453763,0.528285
1763489185.511093,5,0.309483,0.228526,0.165105
1763489188.506229,1,0.377518,0.306885,0.243614
1763489188.506229,2,0.287895,0.169572,0.137282
1763489188.506229,3,0.221573,0.314157,0.182689
1763489188.506229,4,0.382297,0.265004,0.222755
1763489188.506229,5,0.349313,0.255329,0.231028
1763489191.509312,1,0.267639,0.254948,0.246143
1763489191.509312,2,0.246727,0.198669,0.179615
1763489191.509312,3,0.229370,0.308813,0.181467
1763489191.509312,4,0.271723,0.218990,0.192419
1763489191.509312,5,0.351078,0.277401,0.257009
1763489194.507215,1,0.461795,0.455641,0.443778
1763489194.507215,2,0.217375,0.275671,0.201577
1763489194.507215,3,0.247058,0.282362,0.176871
1763489194.507215,4,0.468388,0.273038,0.209176
1763489194.507215,5,0.544413,0.486292,0.410667
1763489197.511337,1,0.677828,0.676994,0.571330
1763489197.511337,2,0.275623,0.271947,0.173474
1763489197.511337,3,0.402725,0.245377,0.177641
1763489197.511337,4,0.585665,0.270156,0.214664
1763489197.511337,5,0.365097,0.316466,0.525082
1763489200.507129,1,0.513425,0.627833,0.313484
1763489200.507129,2,0.375386,0.264012,0.233127
1763489200.507129,3,0.367657,0.223123,0.168501
1763489200.507129,4,0.579816,0.254850,0.206669
1763489200.507129,5,0.474273,0.479044,0.643760
1763489203.508858,1,0.651044,0.707505,0.348378
1763489203.508858,2,0.439529,0.321329,0.238365
1763489203.508858,3,0.450506,0.342556,0.190059
1763489203.508858,4,0.603185,0.371136,0.282485
1763489203.508858,5,0.695940,0.698030,0.739201
1763489206.507290,1,0.667320,0.774403,0.370015
1763489206.507290,2,0.418336,0.341328,0.224840
1763489206.507290,3,0.526757,0.493459,0.240277
1763489206.507290,4,0.714154,0.368085,0.294765
1763489206.507290,5,0.864930,0.866864,0.823660
1763489209.507977,1,0.729900,0.862624,0.452238
1763489209.507977,2,0.438763,0.382601,0.255334
1763489209.507977,3,0.647095,0.519077,0.237548
1763489209.507977,4,0.786380,0.296206,0.267889
1763489209.507977,5,1.011268,1.013123,0.903004
1763489212.507805,1,0.445594,0.444434,0.516001
1763489212.507805,2,0.390005,0.267895,0.190920
1763489212.507805,3,0.369270,0.413146,0.298925
1763489212.507805,4,0.481432,0.243388,0.273962
1763489212.507805,5,0.681632,0.611288,0.969201
1763489215.507173,1,0.508269,0.436167,0.312021
1763489215.507173,2,0.344542,0.207189,0.187254
1763489215.507173,3,0.633656,0.658551,0.471016
1763489215.507173,4,0.401437,0.228471,0.277063
1763489215.507173,5,0.270310,0.784698,0.279084
1763489218.506765,1,0.276140,0.377883,0.274307
1763489218.506765,2,0.292075,0.210651,0.179191
1763489218.506765,3,0.654105,0.459692,0.261571
1763489218.506765,4,0.489561,0.331888,0.301465
1763489218.506765,5,0.300066,0.738366,0.285367
1763489221.506109,1,0.308694,0.279797,0.325008
1763489221.506109,2,0.463418,0.221658,0.204268
1763489221.506109,3,0.416407,0.229110,0.203899
1763489221.506109,4,0.453051,0.298619,0.471844
1763489221.506109,5,0.337080,0.201797,0.134372
1763489224.506988,1,0.268155,0.241345,0.485750
1763489224.506988,2,0.395634,0.173150,0.146121
1763489224.506988,3,0.411431,0.237023,0.223308
1763489224.506988,4,0.275367,0.191358,0.566195
1763489224.506988,5,0.281557,0.209051,0.142179
1763489227.507239,1,0.478174,0.379097,0.407359
1763489227.507239,2,0.322928,0.205710,0.163324
1763489227.507239,3,0.555471,0.259115,0.328632
1763489227.507239,4,0.278327,0.218284,0.616023
1763489227.507239,5,0.262093,0.234649,0.146709
1763489230.506929,1,0.428203,0.466208,0.386565
1763489230.506929,2,0.345900,0.284353,0.186114
1763489230.506929,3,0.271262,0.351975,0.262074
1763489230.506929,4,0.320059,0.293115,0.262347
1763489230.506929,5,0.231973,0.277335,0.162646
1763489233.506939,1,0.494599,0.614149,0.533648
1763489233.506939,2,0.386354,0.396573,0.238529
1763489233.506939,3,0.251704,0.327485,0.273458
1763489233.506939,4,0.437448,0.449858,0.308526
1763489233.506939,5,0.287318,0.438414,0.214954
1763489236.507569,1,0.466044,0.243021,0.176709
1763489236.507569,2,0.487003,0.461688,0.312068
1763489236.507569,3,0.308136,0.389156,0.233344
1763489236.507569,4,0.609577,0.430073,0.300410
1763489236.507569,5,0.222699,0.388114,0.193867
1763489239.506562,1,0.379201,0.245189,0.188196
1763489239.506562,2,0.553019,0.495816,0.411115
1763489239.506562,3,0.405396,0.365439,0.206322
1763489239.506562,4,0.513228,0.337411,0.273196
1763489239.506562,5,0.295639,0.588248,0.263230
1763489242.507365,1,0.415789,0.269059,0.223033
1763489242.507365,2,0.532371,0.468385,0.508597
1763489242.507365,3,0.491607,0.448782,0.228549
1763489242.507365,4,0.451674,0.313850,0.240207
1763489242.507365,5,0.334900,0.698178,0.341928
1763489245.506316,1,0.360186,0.283846,0.227662
1763489245.506316,2,0.702867,0.652894,0.621967
1763489245.506316,3,0.514803,0.447189,0.227826
1763489245.506316,4,0.432180,0.305266,0.237643
1763489245.506316,5,0.352789,0.778262,0.422171
1763489248.507949,1,0.320028,0.244577,0.201285
1763489248.507949,2,0.862855,0.815881,0.721348
1763489248.507949,3,0.446535,0.409296,0.230777
1763489248.507949,4,0.434047,0.365919,0.252433
1763489248.507949,5,0.370443,0.789645,0.519162
1763489251.506839,1,0.446574,0.257320,0.211588
1763489251.506839,2,0.429570,0.282621,0.777338
1763489251.506839,3,0.406914,0.205681,0.165907
1763489251.506839,4,0.473308,0.394557,0.316057
1763489251.506839,5,0.346374,0.573594,0.361871
1763489254.507576,1,0.313182,0.359148,0.195197
1763489254.507576,2,0.395047,0.319712,0.859122
1763489254.507576,3,0.326934,0.185230,0.149951
1763489254.507576,4,0.702950,0.657827,0.489151
1763489254.507576,5,0.351818,0.261339,0.209353
1763489257.507032,1,0.316089,0.364264,0.211237
1763489257.507032,2,0.409834,0.352321,0.926251
1763489257.507032,3,0.269290,0.174693,0.140023
1763489257.507032,4,0.861324,0.825568,0.603126
1763489257.507032,5,0.375508,0.257666,0.337114
1763489260.507186,1,0.237091,0.260627,0.176973
1763489260.507186,2,0.341201,0.243186,0.202285
1763489260.507186,3,0.243827,0.194029,0.153973
1763489260.507186,4,1.013059,0.983096,0.711519
1763489260.507186,5,0.257847,0.212145,0.166173
1763489263.506771,1,0.269243,0.443343,0.230847
1763489263.506771,2,0.493109,0.340927,0.223434
1763489263.506771,3,0.300880,0.343879,0.263148
1763489263.506771,4,0.293518,0.363525,0.798815
1763489263.506771,5,0.382940,0.437909,0.219564
1763489266.509267,1,0.288455,0.396302,0.209905
1763489266.509267,2,0.496729,0.357519,0.214760
1763489266.509267,3,0.517704,0.384531,0.288156
1763489266.509267,4,0.378886,0.506384,0.878106
1763489266.509267,5,0.484984,0.531486,0.285073
1763489269.506935,1,0.444980,0.492425,0.322086
1763489269.506935,2,0.353101,0.434762,0.204829
1763489269.506935,3,0.489867,0.211075,0.191161
1763489269.506935,4,0.588761,0.316815,0.261749
1763489269.506935,5,0.300166,0.251781,0.203118
1763489272.507821,1,0.265060,0.332733,0.209356
1763489272.507821,2,0.253726,0.326580,0.203913
1763489272.507821,3,0.315205,0.203012,0.165980
1763489272.507821,4,0.749983,0.374127,0.317471
1763489272.507821,5,0.261759,0.254052,0.218915
1763489275.509060,1,0.249111,0.387906,0.246359
1763489275.509060,2,0.297907,0.267690,0.353899
1763489275.509060,3,0.382702,0.353790,0.211205
1763489275.509060,4,0.462993,0.456561,0.267328
1763489275.509060,5,0.340811,0.236577,0.197956
1763489278.507843,1,0.280464,0.484378,0.363928
1763489278.507843,2,0.277709,0.254973,0.510751
1763489278.507843,3,0.298533,0.290764,0.209174
1763489278.507843,4,0.425981,0.476903,0.250935
1763489278.507843,5,0.268902,0.204818,0.175651
1763489281.508026,1,0.391492,0.343399,0.202408
1763489281.508026,2,0.305295,0.306007,0.276269
1763489281.508026,3,0.298964,0.294463,0.229776
1763489281.508026,4,0.412340,0.526485,0.214442
1763489281.508026,5,0.282511,0.239191,0.182653
1763489284.506963,1,0.555605,0.445843,0.237995
1763489284.506963,2,0.255885,0.229770,0.221582
1763489284.506963,3,0.402855,0.370036,0.335097
1763489284.506963,4,0.641306,0.729196,0.409175
1763489284.506963,5,0.360122,0.269862,0.273592
1763489287.508353,1,0.328560,0.268744,0.172635
1763489287.508353,2,0.286081,0.238102,0.185664
1763489287.508353,3,0.398914,0.224147,0.200109
1763489287.508353,4,0.261954,0.607385,0.271435
1763489287.508353,5,0.440125,0.282523,0.235697
1763489290.509077,1,0.367538,0.223334,0.181881
1763489290.509077,2,0.352197,0.298613,0.254854
1763489290.509077,3,0.431327,0.237045,0.198087
1763489290.509077,4,0.316598,0.719205,0.343635
1763489290.509077,5,0.395325,0.342125,0.385711
1763489293.506604,1,0.502920,0.438116,0.287256
1763489293.506604,2,0.298825,0.240061,0.413866
1763489293.506604,3,0.375461,0.205484,0.171380
1763489293.506604,4,0.371499,0.307372,0.247480
1763489293.506604,5,0.401551,0.360446,0.502046
1763489296.508880,1,0.289908,0.200437,0.153654
1763489296.508880,2,0.333402,0.278109,0.264023
1763489296.508880,3,0.375428,0.243589,0.205354
1763489296.508880,4,0.534418,0.224556,0.209957
1763489296.508880,5,0.420573,0.223711,0.598623
1763489299.506126,1,0.281773,0.258757,0.154182
1763489299.506126,2,0.338262,0.216682,0.159977
1763489299.506126,3,0.502987,0.399066,0.329125
1763489299.506126,4,0.251004,0.190623,0.179226
1763489299.506126,5,0.318052,0.175902,0.152780
1763489302.510217,1,0.333565,0.331296,0.236490
1763489302.510217,2,0.327993,0.195659,0.152565
1763489302.510217,3,0.289754,0.211350,0.161502
1763489302.510217,4,0.265813,0.239788,0.177387
1763489302.510217,5,0.451547,0.220522,0.182681
1763489305.511219,1,0.526748,0.441101,0.432717
1763489305.511219,2,0.284154,0.261769,0.175532
1763489305.511219,3,0.268040,0.226314,0.185283
1763489305.511219,4,0.300217,0.280520,0.182691
1763489305.511219,5,0.433439,0.238708,0.184654
1763489308.507010,1,0.521247,0.529273,0.306079
1763489308.507010,2,0.363605,0.225422,0.178169
1763489308.507010,3,0.329353,0.304147,0.233231
1763489308.507010,4,0.417511,0.426444,0.257617
1763489308.507010,5,0.339944,0.166779,0.156699
1763489311.506241,1,0.535630,0.615010,0.287048
1763489311.506241,2,0.450717,0.317885,0.209639
1763489311.506241,3,0.332112,0.371125,0.261307
1763489311.506241,4,0.664614,0.668682,0.449721
1763489311.506241,5,0.453553,0.345336,0.273108
1763489314.507235,1,0.356807,0.325802,0.227718
1763489314.507235,2,0.446855,0.283638,0.203201
1763489314.507235,3,0.405453,0.517554,0.382956
1763489314.507235,4,0.644599,0.637506,0.571060
1763489314.507235,5,0.685498,0.620642,0.455618
1763489317.509119,1,0.391626,0.365046,0.253787
1763489317.509119,2,0.453550,0.297367,0.219543
1763489317.509119,3,0.415664,0.363594,0.282495
1763489317.509119,4,0.413856,0.285817,0.202477
1763489317.509119,5,0.857655,0.807567,0.584027
1763489320.508227,1,0.488513,0.386789,0.354818
1763489320.508227,2,0.490003,0.308785,0.197854
1763489320.508227,3,0.658932,0.594849,0.439031
1763489320.508227,4,0.341591,0.246364,0.175952
1763489320.508227,5,0.514476,0.479164,0.686409
1763489323.506159,1,0.356818,0.210055,0.175370
1763489323.506159,2,0.403646,0.250686,0.171964
1763489323.506159,3,0.762472,0.498827,0.572483
1763489323.506159,4,0.475463,0.389944,0.371591
1763489323.506159,5,0.390340,0.228210,0.195939
1763489326.506851,1,0.417856,0.255714,0.214515
1763489326.506851,2,0.505043,0.328387,0.208700
1763489326.506851,3,0.904826,0.697854,0.668753
1763489326.506851,4,0.333745,0.252901,0.189843
1763489326.506851,5,0.455327,0.237196,0.204690
1763489329.507842,1,0.314689,0.237172,0.214639
1763489329.507842,2,0.390429,0.208553,0.177105
1763489329.507842,3,0.936415,0.640135,0.760235
1763489329.507842,4,0.264825,0.293106,0.240187
1763489329.507842,5,0.270566,0.223375,0.145695
1763489332.507294,1,0.266063,0.206383,0.163732
1763489332.507294,2,0.289339,0.221335,0.169118
1763489332.507294,3,0.626041,0.328075,0.843662
1763489332.507294,4,0.443777,0.500422,0.316111
1763489332.507294,5,0.312555,0.333848,0.180220
1763489335.507080,1,0.410009,0.269845,0.210809
1763489335.507080,2,0.381255,0.289735,0.204131
1763489335.507080,3,0.667945,0.489994,0.916800
1763489335.507080,4,0.401793,0.422546,0.235149
1763489335.507080,5,0.247266,0.262455,0.181208
1763489338.506860,1,0.516708,0.301464,0.220344
1763489338.506860,2,0.418364,0.225274,0.191467
1763489338.506860,3,0.743271,0.553544,0.982333
1763489338.506860,4,0.401689,0.527141,0.289579
1763489338.506860,5,0.258210,0.267052,0.199012
1763489341.507826,1,0.414199,0.207001,0.188051
1763489341.507826,2,0.328588,0.226022,0.162060
1763489341.507826,3,0.668927,0.277933,0.211281
1763489341.507826,4,0.309026,0.277232,0.253164
1763489341.507826,5,0.267390,0.297317,0.183964
1763489344.508596,1,0.540002,0.251590,0.243559
1763489344.508596,2,0.406631,0.232464,0.178859
1763489344.508596,3,0.532074,0.260819,0.213186
1763489344.508596,4,0.345389,0.283276,0.254667
1763489344.508596,5,0.410968,0.244210,0.254808
1763489347.511678,1,0.591846,0.220198,0.265045
1763489347.511678,2,0.295652,0.237548,0.152636
1763489347.511678,3,0.376633,0.176562,0.132970
1763489347.511678,4,0.333816,0.276184,0.395894
1763489347.511678,5,0.418374,0.221465,0.322691
1763489350.506260,1,0.364749,0.278052,0.253969
1763489350.506260,2,0.221369,0.248366,0.143546
1763489350.506260,3,0.392724,0.320676,0.189932
1763489350.506260,4,0.504950,0.433398,0.530293
1763489350.506260,5,0.621438,0.520182,0.467549
1763489353.507382,1,0.304959,0.355130,0.433013
1763489353.507382,2,0.195719,0.251681,0.180890
1763489353.507382,3,0.343113,0.378816,0.208832
1763489353.507382,4,0.485979,0.406481,0.288777
1763489353.507382,5,0.321343,0.396042,0.241757
1763489356.509470,1,0.307865,0.385201,0.566345
1763489356.509470,2,0.194329,0.230990,0.165762
1763489356.509470,3,0.311100,0.393797,0.218748
1763489356.509470,4,0.658486,0.589232,0.419699
1763489356.509470,5,0.263475,0.471602,0.195318
1763489359.507258,1,0.487842,0.524982,0.655492
1763489359.507258,2,0.354114,0.218328,0.173912
1763489359.507258,3,0.236197,0.316271,0.206408
1763489359.507258,4,0.327924,0.281884,0.194880
1763489359.507258,5,0.376385,0.616169,0.240182
1763489362.506466,1,0.662464,0.690644,0.728127
1763489362.506466,2,0.300265,0.162604,0.131049
1763489362.506466,3,0.257559,0.411594,0.255013
1763489362.506466,4,0.336343,0.345453,0.210199
1763489362.506466,5,0.219028,0.240456,0.171026
1763489365.509069,1,0.841808,0.863675,0.814966
1763489365.509069,2,0.391345,0.269087,0.197482
1763489365.509069,3,0.288402,0.527089,0.372994
1763489365.509069,4,0.317342,0.368711,0.216670
1763489365.509069,5,0.448650,0.492910,0.368844
1763489368.510152,1,0.997673,1.015678,0.897869
1763489368.510152,2,0.570361,0.321331,0.253365
1763489368.510152,3,0.368673,0.213384,0.171441
1763489368.510152,4,0.315930,0.334984,0.208646
1763489368.510152,5,0.576246,0.365057,0.253934
1763489371.507081,1,1.051307,0.477945,0.383231
1763489371.507081,2,0.674973,0.370289,0.294971
1763489371.507081,3,0.344075,0.169423,0.158694
1763489371.507081,4,0.321140,0.266294,0.219412
1763489371.507081,5,0.342659,0.231575,0.173115
1763489374.506597,1,1.080305,0.489848,0.380380
1763489374.506597,2,0.742002,0.420824,0.348739
1763489374.506597,3,0.426699,0.195814,0.235207
1763489374.506597,4,0.520805,0.266500,0.234869
1763489374.506597,5,0.309562,0.163732,0.131892
1763489377.508783,1,1.131471,0.499664,0.426919
1763489377.508783,2,0.784772,0.423187,0.392983
1763489377.508783,3,0.436549,0.190478,0.208977
1763489377.508783,4,0.424587,0.291056,0.256798
1763489377.508783,5,0.384548,0.235668,0.184692
1763489380.507934,1,0.365939,0.270543,0.222330
1763489380.507934,2,0.294890,0.277841,0.256471
1763489380.507934,3,0.422029,0.249267,0.271470
1763489380.507934,4,0.262578,0.231326,0.183923
1763489380.507934,5,0.295515,0.285481,0.197913
1763489383.506734,1,0.450708,0.270459,0.251722
1763489383.506734,2,0.337999,0.380090,0.241307
1763489383.506734,3,0.353623,0.238723,0.233269
1763489383.506734,4,0.241123,0.203216,0.158916
1763489383.506734,5,0.294446,0.271844,0.198309
1763489386.507299,1,0.592678,0.304642,0.344657
1763489386.507299,2,0.548536,0.581785,0.383238
1763489386.507299,3,0.309420,0.212774,0.192013
1763489386.507299,4,0.497522,0.481676,0.343591
1763489386.507299,5,0.257901,0.146593,0.112322
1763489389.507184,1,0.631948,0.268725,0.439931
1763489389.507184,2,0.707245,0.733846,0.497363
1763489389.507184,3,0.456354,0.355114,0.263175
1763489389.507184,4,0.530834,0.400087,0.308067
1763489389.507184,5,0.306497,0.202018,0.159191
1763489392.508544,1,0.758726,0.512634,0.553829
1763489392.508544,2,0.378386,0.528331,0.223368
1763489392.508544,3,0.569320,0.339058,0.431103
1763489392.508544,4,0.665881,0.547175,0.410214
1763489392.508544,5,0.369284,0.221801,0.159575
1763489395.506536,1,0.910870,0.732693,0.666109
1763489395.506536,2,0.374198,0.508058,0.219219
1763489395.506536,3,0.565089,0.291937,0.240758
1763489395.506536,4,0.425475,0.382301,0.242007
1763489395.506536,5,0.385881,0.228307,0.163720
1763489398.506985,1,1.034015,0.889858,0.755778
1763489398.506985,2,0.379400,0.509071,0.213270
1763489398.506985,3,0.602873,0.331023,0.391774
1763489398.506985,4,0.395751,0.417009,0.265830
1763489398.506985,5,0.348861,0.245914,0.156643
1763489401.506974,1,0.952969,0.367743,0.825606
1763489401.506974,2,0.463779,0.622724,0.272427
1763489401.506974,3,0.531304,0.311246,0.224849
1763489401.506974,4,0.399150,0.426971,0.258475
1763489401.506974,5,0.291344,0.321553,0.183624
1763489404.507669,1,0.777736,0.309347,0.901942
1763489404.507669,2,0.304003,0.404712,0.215839
1763489404.507669,3,0.501299,0.204521,0.177208
1763489404.507669,4,0.328751,0.308818,0.191321
1763489404.507669,5,0.358353,0.393639,0.222504
1763489407.507075,1,0.284181,0.311654,0.225068
1763489407.507075,2,0.260042,0.378144,0.191752
1763489407.507075,3,0.386552,0.209749,0.157641
1763489407.507075,4,0.513402,0.451841,0.350497
1763489407.507075,5,0.355255,0.318570,0.221224
1763489410.507465,1,0.205476,0.494861,0.175926
1763489410.507465,2,0.202680,0.321239,0.177281
1763489410.507465,3,0.370836,0.209366,0.168218
1763489410.507465,4,0.582315,0.390075,0.471345
1763489410.507465,5,0.560261,0.479005,0.400268
1763489413.506643,1,0.206858,0.407811,0.178119
1763489413.506643,2,0.275508,0.351521,0.239183
1763489413.506643,3,0.370385,0.241022,0.184165
1763489413.506643,4,0.406718,0.330254,0.378642
1763489413.506643,5,0.394551,0.365426,0.345297
1763489416.507241,1,0.217703,0.259198,0.168286
1763489416.507241,2,0.448872,0.472562,0.410853
1763489416.507241,3,0.328165,0.283364,0.170021
1763489416.507241,4,0.285326,0.277847,0.410812
1763489416.507241,5,0.259152,0.283965,0.187165
1763489419.507256,1,0.284671,0.258811,0.196818
1763489419.507256,2,0.319654,0.208092,0.162678
1763489419.507256,3,0.358366,0.234536,0.169942
1763489419.507256,4,0.410756,0.313600,0.537954
1763489419.507256,5,0.321565,0.337724,0.239627
1763489422.506481,1,0.374602,0.210253,0.173978
1763489422.506481,2,0.331434,0.220685,0.165097
1763489422.506481,3,0.257754,0.154321,0.120843
1763489422.506481,4,0.516960,0.262517,0.225908
1763489422.506481,5,0.337322,0.258457,0.251489
1763489425.509960,1,0.360680,0.223380,0.205103
1763489425.509960,2,0.354981,0.250311,0.184081
1763489425.509960,3,0.245357,0.170555,0.138964
1763489425.509960,4,0.295219,0.227373,0.160253
1763489425.509960,5,0.553178,0.519650,0.400743
1763489428.508301,1,0.412770,0.255684,0.212564
1763489428.508301,2,0.461828,0.314895,0.245905
1763489428.508301,3,0.219273,0.216891,0.173989
1763489428.508301,4,0.329446,0.243028,0.155959
1763489428.508301,5,0.739572,0.716211,0.530922
1763489431.507777,1,0.330416,0.191438,0.158146
1763489431.507777,2,0.384256,0.420394,0.277491
1763489431.507777,3,0.295297,0.271390,0.197524
1763489431.507777,4,0.295215,0.279855,0.232627
1763489431.507777,5,0.420603,0.565517,0.262711
1763489434.507389,1,0.340018,0.243758,0.183938
1763489434.507389,2,0.397657,0.465374,0.354886
1763489434.507389,3,0.212141,0.247615,0.200406
1763489434.507389,4,0.238714,0.297043,0.190215
1763489434.507389,5,0.277865,0.357270,0.289344
1763489437.507456,1,0.366848,0.343259,0.200463
1763489437.507456,2,0.592091,0.639377,0.475300
1763489437.507456,3,0.268438,0.296367,0.253195
1763489437.507456,4,0.271839,0.412751,0.219589
1763489437.507456,5,0.472699,0.317999,0.222455
1763489440.507109,1,0.261552,0.385373,0.206229
1763489440.507109,2,0.653618,0.548806,0.403313
1763489440.507109,3,0.327076,0.237751,0.200593
1763489440.507109,4,0.318478,0.463214,0.288986
1763489440.507109,5,0.378817,0.219822,0.170966
1763489443.506126,1,0.318164,0.515143,0.272509
1763489443.506126,2,0.690557,0.516418,0.396354
1763489443.506126,3,0.323011,0.170313,0.143128
1763489443.506126,4,0.311880,0.274836,0.224117
1763489443.506126,5,0.328159,0.199049,0.164728
1763489446.509352,1,0.574515,0.700834,0.435039
1763489446.509352,2,0.380508,0.248893,0.245133
1763489446.509352,3,0.277230,0.187464,0.141192
1763489446.509352,4,0.348195,0.207477,0.187282
1763489446.509352,5,0.370504,0.317923,0.202742
1763489449.510584,1,0.320548,0.511650,0.245460
1763489449.510584,2,0.389944,0.244183,0.251069
1763489449.510584,3,0.403137,0.262796,0.180765
1763489449.510584,4,0.331525,0.208127,0.197966
1763489449.510584,5,0.458384,0.341562,0.237421
1763489452.508588,1,0.403797,0.524648,0.304843
1763489452.508588,2,0.305246,0.197264,0.160812
1763489452.508588,3,0.263946,0.196456,0.159264
1763489452.508588,4,0.250933,0.221077,0.191268
1763489452.508588,5,0.393287,0.282712,0.201980
1763489455.508925,1,0.422069,0.294848,0.196037
1763489455.508925,2,0.349233,0.311156,0.235831
1763489455.508925,3,0.289419,0.200208,0.162640
1763489455.508925,4,0.293552,0.273296,0.199673
1763489455.508925,5,0.386598,0.216612,0.194652
1763489458.507380,1,0.384564,0.200449,0.178507
1763489458.507380,2,0.332796,0.223681,0.167890
1763489458.507380,3,0.286733,0.195667,0.169450
1763489458.507380,4,0.351030,0.208622,0.220599
1763489458.507380,5,0.301950,0.199868,0.166719
1763489461.510702,1,0.365401,0.210240,0.201247
1763489461.510702,2,0.340330,0.214408,0.208148
1763489461.510702,3,0.455268,0.215227,0.202097
1763489461.510702,4,0.278030,0.178724,0.186362
1763489461.510702,5,0.289158,0.206666,0.172385
1763489464.509014,1,0.288137,0.186585,0.152794
1763489464.509014,2,0.367195,0.256457,0.213563
1763489464.509014,3,0.516212,0.211631,0.215606
1763489464.509014,4,0.413460,0.230382,0.197494
1763489464.509014,5,0.211743,0.263678,0.205221
1763489467.506845,1,0.375970,0.214514,0.200361
1763489467.506845,2,0.562039,0.416316,0.306899
1763489467.506845,3,0.270159,0.333378,0.275950
1763489467.506845,4,0.531089,0.484953,0.377717
1763489467.506845,5,0.261961,0.313940,0.234922
1763489470.507812,1,0.282922,0.200303,0.148614
1763489470.507812,2,0.280227,0.248695,0.460507
1763489470.507812,3,0.343615,0.223372,0.177758
1763489470.507812,4,0.436634,0.314887,0.510259
1763489470.507812,5,0.281688,0.184324,0.148462
1763489473.506933,1,0.352619,0.198436,0.164601
1763489473.506933,2,0.328968,0.321320,0.574512
1763489473.506933,3,0.387464,0.329910,0.228301
1763489473.506933,4,0.412131,0.368194,0.616727
1763489473.506933,5,0.346856,0.263075,0.182453
1763489476.510105,1,0.364795,0.204437,0.167651
1763489476.510105,2,0.466186,0.313638,0.281196
1763489476.510105,3,0.309351,0.242349,0.209282
1763489476.510105,4,0.641840,0.614352,0.708415
1763489476.510105,5,0.466583,0.361179,0.206808
1763489479.507097,1,0.258014,0.331901,0.226826
1763489479.507097,2,0.658401,0.313867,0.257368
1763489479.507097,3,0.391897,0.316630,0.238870
1763489479.507097,4,0.784806,0.762440,0.777079
1763489479.507097,5,0.236155,0.389348,0.228167
1763489482.509600,1,0.232813,0.451638,0.328785
1763489482.509600,2,0.607122,0.280847,0.221905
1763489482.509600,3,0.266897,0.194491,0.146635
1763489482.509600,4,0.870599,0.234395,0.262057
1763489482.509600,5,0.227306,0.556510,0.285137
1763489485.508471,1,0.471663,0.416705,0.312938
1763489485.508471,2,0.225492,0.189288,0.165669
1763489485.508471,3,0.237839,0.208096,0.170921
1763489485.508471,4,0.357931,0.220994,0.187227
1763489485.508471,5,0.210099,0.300063,0.165803
1763489488.506599,1,0.463127,0.308267,0.233642
1763489488.506599,2,0.218331,0.177019,0.141938
1763489488.506599,3,0.356157,0.231849,0.179505
1763489488.506599,4,0.252974,0.294128,0.199439
1763489488.506599,5,0.329029,0.334286,0.178031
1763489491.507468,1,0.317878,0.211940,0.170187
1763489491.507468,2,0.206436,0.255957,0.171584
1763489491.507468,3,0.267835,0.198157,0.160999
1763489491.507468,4,0.354205,0.256526,0.230826
1763489491.507468,5,0.293745,0.333354,0.276221
1763489494.506932,1,0.264628,0.217828,0.187542
1763489494.506932,2,0.220249,0.241382,0.154583
1763489494.506932,3,0.301340,0.211983,0.165781
1763489494.506932,4,0.309926,0.200994,0.185028
1763489494.506932,5,0.286869,0.288865,0.192969
1763489497.506419,1,0.349730,0.256202,0.247518
1763489497.506419,2,0.310216,0.268564,0.201625
1763489497.506419,3,0.235317,0.172920,0.146787
1763489497.506419,4,0.257146,0.193359,0.142178
1763489497.506419,5,0.283317,0.244869,0.299007
1763489500.506134,1,0.563957,0.468689,0.414540
1763489500.506134,2,0.272232,0.220359,0.162900
1763489500.506134,3,0.272397,0.220771,0.197569
1763489500.506134,4,0.208670,0.263088,0.175943
1763489500.506134,5,0.247661,0.198664,0.170369
1763489503.511944,1,0.306561,0.395812,0.528841
1763489503.511944,2,0.231480,0.209817,0.157633
1763489503.511944,3,0.227059,0.197737,0.159989
1763489503.511944,4,0.288294,0.355521,0.200812
1763489503.511944,5,0.364641,0.225006,0.182293
1763489506.508775,1,0.403317,0.487650,0.632325
1763489506.508775,2,0.399987,0.257884,0.193987
1763489506.508775,3,0.414336,0.316687,0.233671
1763489506.508775,4,0.412775,0.476073,0.273647
1763489506.508775,5,0.458220,0.357167,0.200018
1763489509.506110,1,0.444886,0.540044,0.718946
1763489509.506110,2,0.502151,0.430640,0.323750
1763489509.506110,3,0.542327,0.345609,0.305682
1763489509.506110,4,0.480311,0.561621,0.301609
1763489509.506110,5,0.231874,0.403891,0.270756
1763489512.509726,1,0.396897,0.540100,0.807215
1763489512.509726,2,0.645506,0.483436,0.363366
1763489512.509726,3,0.343230,0.213675,0.156216
1763489512.509726,4,0.372077,0.307748,0.271503
1763489512.509726,5,0.239378,0.474400,0.385699
1763489515.508730,1,0.461315,0.349440,0.261076
1763489515.508730,2,0.525100,0.361619,0.511732
1763489515.508730,3,0.422208,0.222974,0.184714
1763489515.508730,4,0.527512,0.471950,0.262078
1763489515.508730,5,0.537194,0.666097,0.532810
1763489518.508149,1,0.544175,0.326070,0.223793
1763489518.508149,2,0.656333,0.536462,0.634957
1763489518.508149,3,0.321826,0.299962,0.195949
1763489518.508149,4,0.549211,0.382283,0.359320
1763489518.508149,5,0.756867,0.850636,0.652600
1763489521.506522,1,0.299730,0.271722,0.168715
1763489521.506522,2,0.840652,0.750361,0.735303
1763489521.506522,3,0.277204,0.287824,0.182637
1763489521.506522,4,0.674823,0.554359,0.514105
1763489521.506522,5,0.922145,0.996722,0.751256
1763489524.511728,1,0.284564,0.332020,0.231153
1763489524.511728,2,0.220846,0.354757,0.248272
1763489524.511728,3,0.349196,0.226633,0.167730
1763489524.511728,4,0.372417,0.313546,0.622854
1763489524.511728,5,1.060593,1.122667,0.837488
1763489527.507312,1,0.213941,0.265393,0.181505
1763489527.507312,2,0.314741,0.269248,0.200730
1763489527.507312,3,0.432443,0.191852,0.162046
1763489527.507312,4,0.523937,0.522089,0.723426
1763489527.507312,5,1.182932,1.236159,0.915634
1763489530.509192,1,0.323740,0.312071,0.374558
1763489530.509192,2,0.401031,0.212821,0.210882
1763489530.509192,3,0.487760,0.243790,0.215182
1763489530.509192,4,0.560694,0.453078,0.799950
1763489530.509192,5,0.961344,0.424820,0.343568
1763489533.507425,1,0.287421,0.258189,0.263262
1763489533.507425,2,0.330951,0.248655,0.212450
1763489533.507425,3,0.404432,0.224978,0.188826
1763489533.507425,4,0.414907,0.328206,0.872017
1763489533.507425,5,0.521921,0.226478,0.197524
1763489536.509911,1,0.258320,0.217729,0.205682
1763489536.509911,2,0.278580,0.209992,0.185916
1763489536.509911,3,0.310733,0.227427,0.169929
1763489536.509911,4,0.565158,0.527886,0.946221
1763489536.509911,5,0.323821,0.229034,0.141251
1763489539.506565,1,0.361123,0.293846,0.365697
1763489539.506565,2,0.288992,0.198025,0.184559
1763489539.506565,3,0.291566,0.231956,0.170062
1763489539.506565,4,0.317585,0.399395,1.010831
1763489539.506565,5,0.324491,0.372019,0.175885
1763489542.505993,1,0.317325,0.260287,0.507934
1763489542.505993,2,0.253196,0.230143,0.294689
1763489542.505993,3,0.198470,0.164865,0.129474
1763489542.505993,4,0.313734,0.288096,0.208342
1763489542.505993,5,0.275442,0.249996,0.146433
1763489545.506662,1,0.311138,0.270274,0.603876
1763489545.506662,2,0.276924,0.260547,0.425078
1763489545.506662,3,0.209213,0.216551,0.172061
1763489545.506662,4,0.256128,0.260796,0.180374
1763489545.506662,5,0.243046,0.224482,0.142531
1763489548.507966,1,0.405789,0.392076,0.684025
1763489548.507966,2,0.463584,0.454667,0.545608
1763489548.507966,3,0.246623,0.290930,0.233302
1763489548.507966,4,0.253645,0.262468,0.193434
1763489548.507966,5,0.293075,0.217951,0.196878
1763489551.507316,1,0.610438,0.601613,0.756234
1763489551.507316,2,0.663444,0.657418,0.640460
1763489551.507316,3,0.296036,0.358696,0.348320
1763489551.507316,4,0.350059,0.394649,0.276727
1763489551.507316,5,0.373513,0.244886,0.333500
1763489554.507852,1,0.566124,0.606258,0.821246
1763489554.507852,2,0.790924,0.786187,0.709005
1763489554.507852,3,0.567366,0.601104,0.489067
1763489554.507852,4,0.519469,0.524820,0.399781
1763489554.507852,5,0.536854,0.469146,0.445469
1763489557.507467,1,0.543617,0.672888,0.882072
1763489557.507467,2,0.917284,0.913726,0.781146
1763489557.507467,3,0.612344,0.241630,0.235152
1763489557.507467,4,0.505090,0.473366,0.462201
1763489557.507467,5,0.734780,0.692079,0.570914
1763489560.508523,1,0.644822,0.253002,0.275629
1763489560.508523,2,0.706141,0.679109,0.847037
1763489560.508523,3,0.755113,0.379425,0.334142
1763489560.508523,4,0.654276,0.643693,0.529883
1763489560.508523,5,0.883649,0.851447,0.669950
1763489563.508097,1,0.518036,0.244576,0.231602
1763489563.508097,2,0.603238,0.301610,0.275641
1763489563.508097,3,0.915446,0.652862,0.502047
1763489563.508097,4,0.820909,0.799919,0.638990
1763489563.508097,5,0.948653,0.391225,0.310464
1763489566.508738,1,0.444726,0.227576,0.219622
1763489566.508738,2,0.531788,0.270109,0.233598
1763489566.508738,3,1.041511,0.826222,0.616271
1763489566.508738,4,0.967115,0.956286,0.738323
1763489566.508738,5,0.396803,0.285744,0.181326
1763489569.508905,1,0.391950,0.261375,0.219476
1763489569.508905,2,0.424091,0.229428,0.183266
1763489569.508905,3,0.403844,0.254472,0.191442
1763489569.508905,4,1.087767,1.079960,0.819683
1763489569.508905,5,0.461473,0.309224,0.203522
1763489572.506942,1,0.628535,0.545564,0.396572
1763489572.506942,2,0.441264,0.294559,0.249861
1763489572.506942,3,0.316946,0.208678,0.154728
1763489572.506942,4,1.201605,1.194698,0.895736
1763489572.506942,5,0.353195,0.249298,0.163700
1763489575.507655,1,0.724938,0.674808,0.528320
1763489575.507655,2,0.192080,0.334982,0.175537
1763489575.507655,3,0.272348,0.199707,0.131928
1763489575.507655,4,0.938799,0.853512,0.498757
1763489575.507655,5,0.251451,0.190770,0.147969
1763489578.506971,1,0.822041,0.794477,0.636755
1763489578.506971,2,0.231988,0.503273,0.242419
1763489578.506971,3,0.270738,0.228982,0.150063
1763489578.506971,4,0.982221,0.944807,0.551216
1763489578.506971,5,0.206285,0.197180,0.132200
1763489581.507392,1,0.345809,0.348395,0.362382
1763489581.507392,2,0.255314,0.524357,0.308907
1763489581.507392,3,0.271805,0.209914,0.134872
1763489581.507392,4,0.859277,0.848960,0.536990
1763489581.507392,5,0.278344,0.231099,0.162358
1763489584.507422,1,0.301156,0.249196,0.213551
1763489584.507422,2,0.381527,0.232609,0.190334
1763489584.507422,3,0.307132,0.262123,0.149763
1763489584.507422,4,0.896186,0.829823,0.561293
1763489584.507422,5,0.399876,0.272179,0.186079
1763489587.508110,1,0.327122,0.236304,0.193974
1763489587.508110,2,0.417258,0.210914,0.208467
1763489587.508110,3,0.334853,0.270121,0.158208
1763489587.508110,4,0.989329,0.917719,0.640590
1763489587.508110,5,0.409512,0.261603,0.172248
1763489590.507766,1,0.364026,0.284703,0.253337
1763489590.507766,2,0.415486,0.186247,0.195528
1763489590.507766,3,0.316230,0.250724,0.141459
1763489590.507766,4,1.124857,1.062536,0.744145
1763489590.507766,5,0.326597,0.274893,0.159599
1763489593.507206,1,0.351795,0.226318,0.214158
1763489593.507206,2,0.427722,0.259638,0.271079
1763489593.507206,3,0.322991,0.225464,0.146314
1763489593.507206,4,1.220573,1.167505,0.823556
1763489593.507206,5,0.476331,0.328083,0.205594
1763489596.507243,1,0.395003,0.221895,0.242243
1763489596.507243,2,0.461686,0.296334,0.234693
1763489596.507243,3,0.342742,0.241887,0.149299
1763489596.507243,4,1.308559,1.263697,0.896796
1763489596.507243,5,0.380599,0.345887,0.180994
1763489599.507282,1,0.217524,0.327576,0.145478
1763489599.507282,2,0.624298,0.416727,0.320385
1763489599.507282,3,0.372849,0.281567,0.176354
1763489599.507282,4,1.392045,1.354532,0.965269
1763489599.507282,5,0.367910,0.328071,0.187820
1763489602.508288,1,0.170181,0.219067,0.133515
1763489602.508288,2,0.795456,0.647823,0.477647
1763489602.508288,3,0.312044,0.199099,0.132254
1763489602.508288,4,0.391020,0.452620,0.984566
1763489602.508288,5,0.320843,0.324053,0.165914
1763489605.507951,1,0.334020,0.407317,0.232353
1763489605.507951,2,0.920062,0.797715,0.581503
1763489605.507951,3,0.368646,0.271295,0.168784
1763489605.507951,4,0.355321,0.428450,1.040047
1763489605.507951,5,0.413924,0.336733,0.198934
1763489608.507323,1,0.477622,0.300795,0.427178
1763489608.507323,2,0.709154,0.560208,0.286704
1763489608.507323,3,0.286211,0.195163,0.116100
1763489608.507323,4,0.294288,0.281255,0.289733
1763489608.507323,5,0.590003,0.406803,0.247409
1763489611.508612,1,0.259309,0.260246,0.193692
1763489611.508612,2,0.428457,0.211416,0.152286
1763489611.508612,3,0.359621,0.246456,0.145474
1763489611.508612,4,0.317591,0.266687,0.240095
1763489611.508612,5,0.388842,0.377715,0.194966
1763489614.507158,1,0.197618,0.322613,0.160905
1763489614.507158,2,0.350699,0.232184,0.161538
1763489614.507158,3,0.297655,0.187618,0.119327
1763489614.507158,4,0.274793,0.232133,0.205588
1763489614.507158,5,0.412271,0.335124,0.200828
1763489617.507706,1,0.216470,0.257090,0.178925
1763489617.507706,2,0.280864,0.233783,0.170666
1763489617.507706,3,0.299396,0.287842,0.149901
1763489617.507706,4,0.242851,0.198921,0.137144
1763489617.507706,5,0.542451,0.381875,0.231070
1763489620.506894,1,0.251633,0.276336,0.252174
1763489620.506894,2,0.285121,0.213129,0.159165
1763489620.506894,3,0.362122,0.381261,0.185771
1763489620.506894,4,0.272756,0.234942,0.149030
1763489620.506894,5,0.664302,0.451714,0.267804
1763489623.508027,1,0.359090,0.225965,0.175251
1763489623.508027,2,0.220225,0.222114,0.151519
1763489623.508027,3,0.321038,0.400312,0.176354
1763489623.508027,4,0.335272,0.235232,0.194802
1763489623.508027,5,0.477614,0.254765,0.212694
1763489626.506039,1,0.325695,0.186611,0.147088
1763489626.506039,2,0.239407,0.201225,0.154930
1763489626.506039,3,0.363900,0.390153,0.170055
1763489626.506039,4,0.331425,0.214043,0.190664
1763489626.506039,5,0.303563,0.294173,0.163192
1763489629.509650,1,0.346105,0.204358,0.154080
1763489629.509650,2,0.232499,0.185118,0.143985
1763489629.509650,3,0.292643,0.310312,0.146966
1763489629.509650,4,0.307890,0.232521,0.186641
1763489629.509650,5,0.393520,0.250113,0.194861
1763489632.506726,1,0.342145,0.247761,0.176647
1763489632.506726,2,0.231362,0.205957,0.158248
1763489632.506726,3,0.270581,0.282690,0.135725
1763489632.506726,4,0.271176,0.211477,0.177170
1763489632.506726,5,0.600283,0.349004,0.241477
1763489635.507226,1,0.314603,0.263585,0.182636
1763489635.507226,2,0.299955,0.263045,0.188153
1763489635.507226,3,0.343288,0.355498,0.154756
1763489635.507226,4,0.286316,0.226840,0.188845
1763489635.507226,5,0.515552,0.353145,0.226768
1763489638.507113,1,0.343575,0.205841,0.176548
1763489638.507113,2,0.262288,0.220637,0.205316
1763489638.507113,3,0.352503,0.377074,0.153066
1763489638.507113,4,0.296160,0.216279,0.183575
1763489638.507113,5,0.591663,0.395406,0.242439
1763489641.511484,1,0.322186,0.178218,0.155434
1763489641.511484,2,0.321654,0.281564,0.275928
1763489641.511484,3,0.327184,0.285720,0.127974
1763489641.511484,4,0.275635,0.210651,0.181279
1763489641.511484,5,0.672657,0.437914,0.261697
1763489644.508844,1,0.254156,0.175360,0.146467
1763489644.508844,2,0.402696,0.315733,0.261399
1763489644.508844,3,0.325631,0.300442,0.142307
1763489644.508844,4,0.281655,0.211326,0.181058
1763489644.508844,5,0.711853,0.468385,0.273001
1763489647.506694,1,0.338561,0.246487,0.204965
1763489647.506694,2,0.354355,0.269566,0.227042
1763489647.506694,3,0.315212,0.314872,0.140506
1763489647.506694,4,0.279147,0.224305,0.188344
1763489647.506694,5,0.303952,0.309013,0.165194
1763489650.507462,1,0.337056,0.281785,0.263350
1763489650.507462,2,0.398075,0.285588,0.249358
1763489650.507462,3,0.318756,0.330109,0.151153
1763489650.507462,4,0.285058,0.222976,0.186429
1763489650.507462,5,0.465137,0.336911,0.212261
